{
  "project_info": {
    "project_number": "455935403080",
    "project_id": "firm-aria-148614"
  },
  "client": [
    {
      "client_info": {
        "mobilesdk_app_id": "1:455935403080:android:2714ee7822b11280",
        "android_client_info": {
          "package_name": "com.miguelsportal.googleloginm"
        }
      },
      "oauth_client": [
        {
          "client_id": "455935403080-to1k0kf6c8p2nin1039pa3q7o8hr23m6.apps.googleusercontent.com",
          "client_type": 1,
          "android_info": {
            "package_name": "com.miguelsportal.googleloginm",
            "certificate_hash": "963481835E2E28632DDF22F1C88CB60B8D8F22D0"
          }
        },
        {
          "client_id": "455935403080-gs615mabmu43khei1am8tmls67013ld9.apps.googleusercontent.com",
          "client_type": 3
        }
      ],
      "api_key": [
        {
          "current_key": "AIzaSyAsVIhLYAzxk6g71EeMyz_mOs9Xftdfq9w"
        }
      ],
      "services": {
        "analytics_service": {
          "status": 1
        },
        "appinvite_service": {
          "status": 1,
          "other_platform_oauth_client": []
        },
        "ads_service": {
          "status": 1
        }
      }
    }
  ],
  "configuration_version": "1"
}